1,Wallis,wmiettinen0@imdb.com,Female,5/21/2020,958-857-2742,93 Manitowish Terrace,wvaudin0@barnesandnoble.com
2,Margaretha,mcrosier1@opera.com,Female,12/20/2020,701-893-6877,73172 Elmside Avenue,mlinley1@woothemes.com
3,Hortensia,hmcnulty2@w3.org,Female,9/24/2020,311-402-1206,9 Londonderry Trail,hrichardt2@360.cn
4,Shepperd,squartley3@infoseek.co.jp,Male,3/6/2020,118-909-8190,7 Talmadge Terrace,sdeavin3@deliciousdays.com
5,Ewart,eburkitt4@seattletimes.com,Male,6/29/2020,546-979-7256,3 Havey Road,ejanks4@wikipedia.org
6,Hogan,hfreak5@yolasite.com,Male,5/19/2020,713-446-5735,0 Red Cloud Terrace,halmey5@moonfruit.com
7,Antonella,ajobey6@sogou.com,Female,8/22/2020,239-659-5437,7 Mandrake Trail,awardlow6@ibm.com
8,Crin,cstruss7@theguardian.com,Female,9/30/2020,901-183-1961,2 7th Center,cwaldock7@reverbnation.com
9,Inesita,isunners8@wordpress.com,Female,3/26/2020,662-991-6189,4 Artisan Place,imorison8@theguardian.com
10,Marrissa,mdoxsey9@photobucket.com,Female,3/19/2020,500-295-0608,5 Buhler Junction,mdegoey9@ask.com

